<?xml version="1.0" encoding="UTF-8"?>
<project-private xmlns="http://www.netbeans.org/ns/project-private/1">
    <editor-bookmarks xmlns="http://www.netbeans.org/ns/editor-bookmarks/2" lastBookmarkId="0"/>
    <open-files xmlns="http://www.netbeans.org/ns/projectui-open-files/2">
        <group>
            <file>file:/C:/Users/isaac/Desktop/Web%20Tech%20Final/AddtoCart/web/Items.jsp</file>
            <file>file:/C:/Users/isaac/Desktop/Web%20Tech%20Final/AddtoCart/web/ItemsList.xhtml</file>
            <file>file:/C:/Users/isaac/Desktop/Web%20Tech%20Final/AddtoCart/src/java/hibernate.cfg.xml</file>
            <file>file:/C:/Users/isaac/Desktop/Web%20Tech%20Final/AddtoCart/web/index1.xhtml</file>
            <file>file:/C:/Users/isaac/Desktop/Web%20Tech%20Final/AddtoCart/web/Ajaxdemo.jsp</file>
            <file>file:/C:/Users/isaac/Desktop/Web%20Tech%20Final/AddtoCart/web/index.xhtml</file>
            <file>file:/C:/Users/isaac/Desktop/Web%20Tech%20Final/AddtoCart/src/java/DEMO/AddtoCart.java</file>
            <file>file:/C:/Users/isaac/Desktop/Web%20Tech%20Final/AddtoCart/web/redirect.jsp</file>
        </group>
    </open-files>
</project-private>
