<?xml version="1.0" encoding="UTF-8"?>
<project-private xmlns="http://www.netbeans.org/ns/project-private/1">
    <editor-bookmarks xmlns="http://www.netbeans.org/ns/editor-bookmarks/2" lastBookmarkId="0"/>
    <open-files xmlns="http://www.netbeans.org/ns/projectui-open-files/2">
        <group>
            <file>file:/C:/Users/isaac/Desktop/Web%20Tech%20Final/FinalProjectMVC/web/index1.xhtml</file>
            <file>file:/C:/Users/isaac/Desktop/Web%20Tech%20Final/FinalProjectMVC/src/java/DAO/HibernateUtil.java</file>
            <file>file:/C:/Users/isaac/Desktop/Web%20Tech%20Final/FinalProjectMVC/src/java/Demo/AddtoCart.java</file>
            <file>file:/C:/Users/isaac/Desktop/Web%20Tech%20Final/FinalProjectMVC/src/java/DAO/AddtoCartDAO.java</file>
            <file>file:/C:/Users/isaac/Desktop/Web%20Tech%20Final/FinalProjectMVC/src/java/DAO/HibernateUtil1.java</file>
            <file>file:/C:/Users/isaac/Desktop/Web%20Tech%20Final/FinalProjectMVC/web/index.xhtml</file>
            <file>file:/C:/Users/isaac/Desktop/Web%20Tech%20Final/FinalProjectMVC/src/java/DAO/Pay_Del_DAO.java</file>
            <file>file:/C:/Users/isaac/Desktop/Web%20Tech%20Final/FinalProjectMVC/src/java/hibernate.cfg.xml</file>
            <file>file:/C:/Users/isaac/Desktop/Web%20Tech%20Final/FinalProjectMVC/src/java/hibernate1.cfg.xml</file>
            <file>file:/C:/Users/isaac/Desktop/Web%20Tech%20Final/FinalProjectMVC/src/java/Model/AddtoCartM.java</file>
        </group>
    </open-files>
</project-private>
