<?xml version="1.0" encoding="UTF-8"?>
<project-private xmlns="http://www.netbeans.org/ns/project-private/1">
    <editor-bookmarks xmlns="http://www.netbeans.org/ns/editor-bookmarks/2" lastBookmarkId="0"/>
    <open-files xmlns="http://www.netbeans.org/ns/projectui-open-files/2">
        <group>
            <file>file:/C:/Users/DolphiX%20People's/Documents/NetBeansProjects/AddClient/src/VIEW/ItemView.java</file>
            <file>file:/C:/Users/DolphiX%20People's/Documents/NetBeansProjects/AddClient/src/addclient/AddClient.java</file>
            <file>file:/C:/Users/DolphiX%20People's/Documents/NetBeansProjects/AddClient/src/MODEL/Item.java</file>
            <file>file:/C:/Users/DolphiX%20People's/Documents/NetBeansProjects/AddClient/src/hibernate.cfg.xml</file>
            <file>file:/C:/Users/DolphiX%20People's/Documents/NetBeansProjects/AddClient/src/SERVICE/ItemInterface.java</file>
        </group>
    </open-files>
</project-private>
