<?xml version="1.0" encoding="UTF-8"?>
<project-private xmlns="http://www.netbeans.org/ns/project-private/1">
    <editor-bookmarks xmlns="http://www.netbeans.org/ns/editor-bookmarks/2" lastBookmarkId="0"/>
    <open-files xmlns="http://www.netbeans.org/ns/projectui-open-files/2">
        <group>
            <file>file:/C:/Users/DolphiX%20People's/Documents/NetBeansProjects/AddServer/src/addserver/AddServer.java</file>
            <file>file:/C:/Users/DolphiX%20People's/Documents/NetBeansProjects/AddServer/src/Util/HibernateUtil.java</file>
            <file>file:/C:/Users/DolphiX%20People's/Documents/NetBeansProjects/AddServer/src/Service/ItemInterface.java</file>
            <file>file:/C:/Users/DolphiX%20People's/Documents/NetBeansProjects/AddServer/src/DAO/ItemDao.java</file>
            <file>file:/C:/Users/DolphiX%20People's/Documents/NetBeansProjects/AddServer/src/hibernate.cfg.xml</file>
            <file>file:/C:/Users/DolphiX%20People's/Documents/NetBeansProjects/AddServer/src/Service/ItemServiceImpl.java</file>
            <file>file:/C:/Users/DolphiX%20People's/Documents/NetBeansProjects/AddServer/src/Util/Server.java</file>
        </group>
    </open-files>
</project-private>
